"Rojo,Verde,Azul,Clear,Matiz,Saturacion,Valor,Clase"
"208,262,190,479,105.00,0.2748,0.5470,Verde"
"251,362,210,687,103.82,0.4199,0.5269,Verde"
"155,187,142,304,102.67,0.2406,0.6151,Verde"
"172,209,152,384,98.95,0.2727,0.5443,Verde"
"279,381,194,746,92.73,0.4908,0.5107,Verde"
"166,174,122,329,69.23,0.2989,0.5289,Verde"
"454,527,267,1103,76.85,0.4934,0.4778,Verde"
"308,325,205,627,68.50,0.3692,0.5183,Verde"
"410,495,295,1007,85.50,0.4040,0.4916,Verde"
"285,304,220,562,73.57,0.2763,0.5409,Verde"
"304,364,265,712,96.36,0.2720,0.5112,Verde"
"252,270,214,493,79.29,0.2074,0.5477,Verde"
"730,221,203,912,2.05,0.7219,0.8004,Rojo"
"328,165,162,395,1.08,0.5061,0.8304,Rojo"
"1111,277,413,1517,350.22,0.7507,0.7324,Rojo"
"709,268,380,1017,344.76,0.6220,0.6971,Rojo"
"1058,327,293,1381,2.67,0.7231,0.7661,Rojo"
"311,152,149,375,1.11,0.5209,0.8293,Rojo"
"361,140,131,456,2.35,0.6371,0.7917,Rojo"
"248,129,125,301,1.95,0.4960,0.8239,Rojo"
"701,245,204,943,4.95,0.7090,0.7434,Rojo"
"244,131,125,303,3.03,0.4877,0.8053,Rojo"
"1613,531,403,2252,6.35,0.7502,0.7163,Rojo"
"429,213,199,542,3.65,0.5361,0.7915,Rojo"
"599,981,939,2315,173.40,0.3894,0.4238,Azul"
"327,448,439,973,175.54,0.2701,0.4604,Azul"
"390,446,423,1068,155.36,0.1256,0.4176,Azul"
"541,653,618,1614,161.25,0.1715,0.4046,Azul"
"234,271,336,669,218.24,0.3036,0.5022,Azul"
"177,166,198,341,260.62,0.1616,0.5806,Azul"
"225,236,259,549,220.59,0.1313,0.4718,Azul"
"230,237,265,543,228.00,0.1321,0.4880,Azul"
"375,571,460,1242,146.02,0.3433,0.4597,Azul"
"286,376,321,772,143.33,0.2394,0.4870,Azul"
"258,358,642,1033,224.37,0.5981,0.6215,Azul"
"208,224,337,534,232.56,0.3828,0.6311,Azul"
"318,493,295,997,113.03,0.4016,0.4945,Verde"
"190,214,168,374,91.30,0.2150,0.5722,Verde"
"1111,1531,721,3113,91.11,0.5291,0.4918,Verde"
"416,433,316,781,68.72,0.2702,0.5544,Verde"
"262,320,232,639,99.55,0.2750,0.5008,Verde"
"177,157,141,264,26.67,0.2034,0.6705,Verde"
"209,263,174,505,96.40,0.3384,0.5208,Verde"
"161,175,137,282,82.11,0.2171,0.6206,Verde"
"320,330,192,766,64.35,0.4182,0.4308,Verde"
"781,293,279,967,1.67,0.6428,0.8077,Rojo"
"270,161,159,326,1.08,0.4111,0.8282,Rojo"
"771,316,272,1022,5.29,0.6472,0.7544,Rojo"
"428,241,233,518,2.46,0.4556,0.8263,Rojo"
"496,204,181,642,4.38,0.6351,0.7726,Rojo"
"262,156,152,312,2.18,0.4198,0.8397,Rojo"
"376,140,133,458,1.73,0.6463,0.8210,Rojo"
"606,232,318,865,346.20,0.6172,0.7006,Rojo"
"366,188,230,485,345.84,0.4863,0.7546,Rojo"
"563,228,218,695,1.74,0.6128,0.8101,Rojo"
"240,257,310,581,225.43,0.2258,0.5336,Azul"
"205,178,203,333,304.44,0.1317,0.6156,Azul"
"361,478,464,1055,172.82,0.2448,0.4531,Azul"
"312,368,366,752,177.86,0.1522,0.4894,Azul"
"236,310,556,911,226.12,0.5755,0.6103,Azul"
"195,183,250,375,250.75,0.2680,0.6667,Azul"
"464,560,537,1366,165.62,0.1714,0.4100,Azul"
"174,153,166,322,322.86,0.1207,0.5404,Azul"
"282,486,403,1126,155.59,0.4198,0.4316,Azul"
"160,327,197,687,133.29,0.5107,0.4760,Verde"
"105,249,186,553,153.75,0.5783,0.4503,Verde"
"219,397,232,888,124.38,0.4484,0.4471,Verde"
"395,644,375,1447,115.54,0.4177,0.4451,Verde"
"329,648,505,1547,153.10,0.4923,0.4189,Verde"
"672,1013,612,2362,111.02,0.3959,0.4289,Verde"
"510,844,562,1981,129.34,0.3957,0.4260,Verde"
"381,679,430,1468,129.87,0.4389,0.4625,Verde"
"142,273,183,596,138.78,0.4799,0.4581,Verde"
"719,843,408,1875,77.10,0.5160,0.4496,Verde"
"1009,322,660,1879,330.48,0.6809,0.5370,Rojo"
"409,164,360,914,312.00,0.5990,0.4475,Rojo"
"625,190,174,900,2.13,0.7216,0.6944,Rojo"
"605,201,159,919,5.65,0.7372,0.6583,Rojo"
"286,104,87,461,5.13,0.6958,0.6204,Rojo"
"300,93,80,441,3.55,0.7333,0.6803,Rojo"
"398,131,123,598,1.75,0.6910,0.6656,Rojo"
"556,176,139,793,5.32,0.7500,0.7011,Rojo"
"147,51,46,229,2.97,0.6871,0.6419,Rojo"
"456,836,809,2068,175.74,0.4545,0.4043,Azul"
"115,254,288,660,191.79,0.6007,0.4364,Azul"
"345,476,468,1259,176.34,0.2752,0.3781,Azul"
"577,791,769,2104,173.83,0.2705,0.3760,Azul"
"153,279,329,789,197.05,0.5350,0.4170,Azul"
"668,886,687,2226,125.23,0.2460,0.3980,Azul"
"112,136,125,362,152.50,0.1765,0.3757,Azul"
"113,205,442,749,223.22,0.7443,0.5901,Azul"
"51,91,218,358,225.63,0.7661,0.6089,Azul"
"302,117,154,434,348.00,0.6126,0.6959,Rojo"
"247,99,128,343,348.24,0.5992,0.7201,Rojo"
"354,124,117,443,1.77,0.6695,0.7991,Rojo"
"252,103,99,316,1.57,0.6071,0.7975,Rojo"
"364,130,121,483,2.22,0.6676,0.7536,Rojo"
"179,86,84,218,1.26,0.5307,0.8211,Rojo"
"636,197,171,820,3.35,0.7311,0.7756,Rojo"
"259,127,121,320,2.61,0.5328,0.8094,Rojo"
"990,577,478,1845,11.60,0.5172,0.5366,Rojo"
"551,335,289,978,10.53,0.4755,0.5634,Rojo"
"179,189,120,402,68.70,0.3651,0.4701,Verde"
"193,217,129,441,76.36,0.4055,0.4921,Verde"
"132,134,95,248,63.08,0.2910,0.5403,Verde"
"232,330,200,679,105.23,0.3939,0.4860,Verde"
"108,116,89,210,77.78,0.2328,0.5524,Verde"
"294,381,258,778,102.44,0.3228,0.4897,Verde"
"183,191,148,366,71.16,0.2251,0.5219,Verde"
"852,1081,570,2362,86.89,0.4727,0.4577,Verde"
"342,374,237,761,74.01,0.3663,0.4915,Verde"
"642,760,376,1649,78.44,0.5053,0.4609,Verde"
"178,247,145,468,100.59,0.4130,0.5278,Verde"
"376,456,436,1127,165.00,0.1754,0.4046,Azul"
"182,181,176,390,50.00,0.0330,0.4667,Azul"
"164,158,190,379,251.25,0.1684,0.5013,Azul"
"264,277,350,752,230.93,0.2457,0.4654,Azul"
"1668,2007,1483,5026,98.82,0.2611,0.3993,Azul"
"318,317,268,686,58.80,0.1572,0.4636,Azul"
"252,277,241,674,101.67,0.1300,0.4110,Azul"
"128,113,108,212,15.00,0.1562,0.6038,Azul"
"136,182,324,535,225.32,0.5802,0.6056,Azul"
"102,105,156,251,236.67,0.3462,0.6215,Azul"
"321,503,235,1022,100.75,0.5328,0.4922,Verde"
"131,188,111,384,104.42,0.4096,0.4896,Verde"
"141,245,195,543,151.15,0.4245,0.4512,Verde"
"66,101,86,217,154.29,0.3465,0.4654,Verde"
"80,129,78,273,117.65,0.3953,0.4725,Verde"
"64,107,70,230,128.37,0.4019,0.4652,Verde"
"268,454,309,995,133.23,0.4097,0.4563,Verde"
"99,159,121,340,142.00,0.3774,0.4676,Verde"
"91,131,81,270,108.00,0.3817,0.4852,Verde"
"62,84,58,169,110.77,0.3095,0.4970,Verde"
"292,398,193,867,91.02,0.5151,0.4591,Verde"
"252,344,168,765,91.36,0.5116,0.4497,Verde"
"390,550,287,1194,96.50,0.4782,0.4606,Verde"
"317,434,231,946,94.58,0.4677,0.4588,Verde"
"138,201,132,419,114.78,0.3433,0.4797,Verde"
"113,153,105,319,110.00,0.3137,0.4796,Verde"
"159,281,146,562,114.22,0.4804,0.5000,Verde"
"102,165,92,334,111.78,0.4424,0.4940,Verde"
"769,203,179,1037,2.44,0.7672,0.7416,Rojo"
"728,186,166,974,2.14,0.7720,0.7474,Rojo"
"1107,314,620,1961,336.85,0.7164,0.5645,Rojo"
"357,98,176,572,341.93,0.7255,0.6241,Rojo"
"323,95,81,439,3.47,0.7492,0.7358,Rojo"
"137,49,44,196,3.23,0.6788,0.6990,Rojo"
"779,216,188,1052,2.84,0.7587,0.7405,Rojo"
"272,86,78,382,2.47,0.7132,0.7120,Rojo"
"689,242,233,1056,1.18,0.6618,0.6525,Rojo"
"361,132,130,556,0.52,0.6399,0.6493,Rojo"
"723,221,201,1025,2.30,0.7220,0.7054,Rojo"
"482,150,138,686,2.09,0.7137,0.7026,Rojo"
"744,208,212,1044,359.55,0.7204,0.7126,Rojo"
"320,92,96,447,358.95,0.7125,0.7159,Rojo"
"416,96,88,527,1.46,0.7885,0.7894,Rojo"
"218,56,52,279,1.45,0.7615,0.7814,Rojo"
"412,137,107,587,5.90,0.7403,0.7019,Rojo"
"145,54,46,211,4.85,0.6828,0.6872,Rojo"
"481,947,1096,2477,194.54,0.5611,0.4425,Azul"
"206,340,403,903,199.19,0.4888,0.4463,Azul"
"319,431,416,1116,171.96,0.2599,0.3862,Azul"
"126,175,179,453,184.53,0.2961,0.3951,Azul"
"200,233,244,648,195.00,0.1803,0.3765,Azul"
"200,233,243,648,193.95,0.1770,0.3750,Azul"
"116,135,144,374,199.29,0.1944,0.3850,Azul"
"218,297,332,808,198.42,0.3434,0.4109,Azul"
"108,141,162,382,203.33,0.3333,0.4241,Azul"
"172,399,451,992,191.18,0.6186,0.4546,Azul"
"107,222,254,554,193.06,0.5787,0.4585,Azul"
"630,939,902,2419,172.82,0.3291,0.3882,Azul"
"167,227,226,576,179.00,0.2643,0.3941,Azul"
"72,111,200,335,221.72,0.6400,0.5970,Azul"
"53,73,129,217,224.21,0.5891,0.5945,Azul"
"1155,1368,1015,3472,96.20,0.2580,0.3940,Azul"
"325,385,301,972,102.86,0.2182,0.3961,Azul"
"128,139,120,353,94.74,0.1367,0.3938,Azul"
"102,106,92,268,77.14,0.1321,0.3955,Azul"
"556,142,126,722,2.23,0.7734,0.7701,Rojo"
"484,125,113,627,1.94,0.7665,0.7719,Rojo"
"709,236,387,1175,340.85,0.6671,0.6034,Rojo"
"424,130,227,706,340.20,0.6934,0.6006,Rojo"
"709,191,167,937,2.66,0.7645,0.7567,Rojo"
"371,104,93,484,2.37,0.7493,0.7665,Rojo"
"256,66,58,331,2.42,0.7734,0.7734,Rojo"
"490,124,103,646,3.26,0.7898,0.7585,Rojo"
"1056,315,281,1482,2.63,0.7339,0.7126,Rojo"
"302,97,90,411,1.98,0.7020,0.7348,Rojo"
"493,166,129,689,6.10,0.7383,0.7155,Rojo"
"217,78,65,290,5.13,0.7005,0.7483,Rojo"
"647,162,171,855,358.89,0.7496,0.7567,Rojo"
"168,55,58,215,358.41,0.6726,0.7814,Rojo"
"336,511,227,1037,96.97,0.5558,0.4928,Verde"
"189,263,126,531,92.41,0.5209,0.4953,Verde"
"258,326,152,697,83.45,0.5337,0.4677,Verde"
"109,134,70,289,83.44,0.4776,0.4637,Verde"
"63,83,52,169,98.71,0.3735,0.4911,Verde"
"46,54,36,107,86.67,0.3333,0.5047,Verde"
"173,299,148,586,110.07,0.5050,0.5102,Verde"
"62,83,50,157,98.18,0.3976,0.5287,Verde"
"237,308,211,645,103.92,0.3149,0.4775,Verde"
"107,110,94,206,71.25,0.1455,0.5340,Verde"
"162,303,230,641,148.94,0.4653,0.4727,Verde"
"58,76,64,147,140.00,0.2368,0.5170,Verde"
"150,201,119,408,97.32,0.4080,0.4926,Verde"
"68,71,54,132,70.59,0.2394,0.5379,Verde"
"306,506,588,1327,197.45,0.4796,0.4431,Azul"
"118,148,167,358,203.27,0.2934,0.4665,Azul"
"428,551,518,1408,163.90,0.2232,0.3913,Azul"
"101,106,101,252,120.00,0.0472,0.4206,Azul"
"84,123,228,379,223.75,0.6316,0.6016,Azul"
"48,48,72,120,240.00,0.3333,0.6000,Azul"
"747,865,645,2177,92.18,0.2543,0.3973,Azul"
"217,234,182,574,79.62,0.2222,0.4077,Azul"
"654,1038,1034,2711,179.37,0.3699,0.3829,Azul"
"110,126,121,324,161.25,0.1270,0.3889,Azul"
"131,140,179,414,228.75,0.2682,0.4324,Azul"
"41,35,41,85,300.00,0.1463,0.4824,Azul"
"155,166,142,424,87.50,0.1446,0.3915,Azul"
"54,48,43,111,27.27,0.2037,0.4865,Azul"
"432,735,404,1583,114.92,0.4503,0.4643,Verde"
"395,660,377,1437,116.18,0.4288,0.4593,Verde"
"148,293,169,568,128.69,0.4949,0.5158,Verde"
"207,440,254,877,132.10,0.5295,0.5017,Verde"
"163,267,171,559,124.62,0.3895,0.4776,Verde"
"164,265,171,560,124.16,0.3811,0.4732,Verde"
"301,499,251,1069,107.90,0.4970,0.4668,Verde"
"444,672,341,1481,101.33,0.4926,0.4537,Verde"
"209,398,246,834,131.75,0.4749,0.4772,Verde"
"333,604,361,1292,126.20,0.4487,0.4675,Verde"
"523,773,431,1713,103.86,0.4424,0.4513,Verde"
"400,611,346,1333,107.77,0.4337,0.4584,Verde"
"224,353,273,791,142.79,0.3654,0.4463,Verde"
"491,763,537,1754,130.15,0.3565,0.4350,Verde"
"274,443,317,992,135.27,0.3815,0.4466,Verde"
"917,336,556,1717,337.28,0.6336,0.5341,Rojo"
"1414,418,815,2727,336.08,0.7044,0.5185,Rojo"
"379,164,139,648,6.25,0.6332,0.5849,Rojo"
"271,130,107,484,8.41,0.6052,0.5599,Rojo"
"654,240,214,1021,3.55,0.6728,0.6405,Rojo"
"333,142,128,540,4.10,0.6156,0.6167,Rojo"
"594,296,277,1102,3.60,0.5337,0.5390,Rojo"
"568,278,261,1040,3.32,0.5405,0.5462,Rojo"
"359,120,109,530,2.64,0.6964,0.6774,Rojo"
"267,120,111,413,3.46,0.5843,0.6465,Rojo"
"1363,523,508,2234,1.05,0.6273,0.6101,Rojo"
"659,285,286,1149,359.84,0.5675,0.5735,Rojo"
"245,157,133,508,12.86,0.4571,0.4823,Rojo"
"566,303,239,1066,11.74,0.5777,0.5310,Rojo"
"528,286,228,1002,11.60,0.5682,0.5269,Rojo"
"317,552,598,1446,189.82,0.4699,0.4136,Azul"
"303,494,503,1283,182.70,0.3976,0.3920,Azul"
"412,490,499,1458,186.21,0.1743,0.3422,Azul"
"422,518,529,1527,186.17,0.2023,0.3464,Azul"
"572,858,701,2089,147.06,0.3333,0.4107,Azul"
"786,1092,869,2725,136.27,0.2802,0.4007,Azul"
"120,238,507,822,221.71,0.7633,0.6168,Azul"
"121,230,483,773,221.93,0.7495,0.6248,Azul"
"197,231,251,599,202.22,0.2151,0.4190,Azul"
"181,222,244,564,200.95,0.2582,0.4326,Azul"
"151,310,363,760,195.00,0.5840,0.4776,Azul"
"191,414,483,1030,194.18,0.6046,0.4689,Azul"
"133,215,263,593,202.15,0.4943,0.4435,Azul"
"128,205,249,563,201.82,0.4859,0.4423,Azul"
"329,116,164,473,346.48,0.6474,0.6956,Rojo"
"315,112,163,458,344.93,0.6444,0.6878,Rojo"
"455,130,120,607,1.79,0.7363,0.7496,Rojo"
"506,140,128,671,1.90,0.7470,0.7541,Rojo"
"201,78,73,280,2.34,0.6368,0.7179,Rojo"
"138,64,61,190,2.34,0.5580,0.7263,Rojo"
"394,164,160,590,1.03,0.5939,0.6678,Rojo"
"234,115,114,348,0.50,0.5128,0.6724,Rojo"
"737,216,191,1005,2.75,0.7408,0.7333,Rojo"
"213,94,90,282,1.95,0.5775,0.7553,Rojo"
"589,179,144,814,4.72,0.7555,0.7236,Rojo"
"429,127,106,575,3.90,0.7529,0.7461,Rojo"
"313,120,115,397,1.52,0.6326,0.7884,Rojo"
"193,95,94,237,0.61,0.5130,0.8143,Rojo"
"270,386,186,789,94.80,0.5181,0.4892,Verde"
"126,158,96,315,90.97,0.3924,0.5016,Verde"
"132,208,118,393,110.67,0.4327,0.5293,Verde"
"84,101,75,182,99.23,0.2574,0.5549,Verde"
"125,148,85,312,81.90,0.4257,0.4744,Verde"
"106,131,77,252,87.78,0.4122,0.5198,Verde"
"115,143,91,287,92.31,0.3636,0.4983,Verde"
"76,84,62,154,81.82,0.2619,0.5455,Verde"
"138,196,119,412,105.19,0.3929,0.4757,Verde"
"78,99,66,203,98.18,0.3333,0.4877,Verde"
"270,313,185,663,80.16,0.4089,0.4721,Verde"
"180,199,131,397,76.76,0.3417,0.5013,Verde"
"109,132,94,281,96.32,0.2879,0.4698,Verde"
"132,168,116,360,101.54,0.3095,0.4667,Verde"
"319,344,275,842,81.74,0.2006,0.4086,Azul"
"146,141,123,363,46.96,0.1575,0.4022,Azul"
"83,75,70,164,23.08,0.1566,0.5061,Azul"
"122,149,260,430,228.26,0.5308,0.6047,Azul"
"99,107,169,271,233.14,0.4142,0.6236,Azul"
"142,200,229,511,200.00,0.3799,0.4481,Azul"
"168,245,283,636,199.83,0.4064,0.4450,Azul"
"174,190,186,453,165.00,0.0842,0.4194,Azul"
"183,212,206,524,167.59,0.1368,0.4046,Azul"
"504,668,632,1716,166.83,0.2455,0.3893,Azul"
"160,338,380,866,191.45,0.5789,0.4388,Azul"
"123,236,264,574,191.91,0.5341,0.4599,Azul"
"277,330,364,897,203.45,0.2390,0.4058,Azul"
"112,115,126,261,227.14,0.1111,0.4828,Azul"